{
  "train_loss": [
    2.2207055876413024,
    1.604509983795235,
    1.3942478693213807,
    1.2534762357013771,
    1.1526431315634624,
    1.0874493526945632,
    1.0190956253244217,
    0.9649812465600939,
    0.9206242409635739,
    0.8964876074747867,
    0.8460812757173216,
    0.8222864916525692,
    0.7971692157527769,
    0.7740263423197958,
    0.7512538798871529,
    0.7393364255731724,
    0.7174347232443741,
    0.7100887236869838,
    0.699643715183778,
    0.6654947246929788,
    0.6623252607119011,
    0.6521906917129295,
    0.6486439496413412,
    0.6323416862547039,
    0.6242494722716061,
    0.6083877370075648,
    0.6069892517190023,
    0.6050566134705062,
    0.6023443252611232,
    0.5811750879623445,
    0.5785299722688744,
    0.5785420709233506,
    0.5651848337063229,
    0.5577819633510817,
    0.557285392948662,
    0.5520494333636689,
    0.55204923989543,
    0.5432175861514477,
    0.5360013056681099,
    0.5206224554364222,
    0.52438600507217,
    0.5287960389943187,
    0.5099405776260488,
    0.5184887690828687,
    0.5141101711575525,
    0.5033048144709992,
    0.5146101059010589,
    0.4939011042174625,
    0.49565252769424256,
    0.507553581103503
  ],
  "train_acc": [
    29.009000518354462,
    45.186371990009896,
    52.42448517977475,
    57.7117006738608,
    60.90664907403044,
    63.526695254700535,
    65.82630413269874,
    67.89029734696763,
    69.82705810282268,
    70.60930210640403,
    71.96644832948495,
    72.97017105697186,
    73.90320908534,
    74.69016540219594,
    75.1943829225767,
    75.91536685358842,
    76.45728288016588,
    76.85782950850573,
    76.78243249611234,
    78.29508505725461,
    78.53070072098393,
    78.56368691390604,
    78.6485085528486,
    79.45902643607747,
    79.56269732811838,
    79.78417605202394,
    79.95853164318363,
    80.24598275293341,
    80.32609207860139,
    81.01408981669101,
    80.94340511757221,
    81.20729466094906,
    81.77748456717403,
    81.59841666273974,
    81.64082748221102,
    81.93770321850997,
    82.04137411055088,
    82.28170208755478,
    82.24871589463268,
    82.94613825927148,
    82.96498751236982,
    83.0780830309599,
    83.3890957070826,
    83.08750765750906,
    83.3890957070826,
    83.72838226285283,
    83.2524386221196,
    83.92158710711088,
    83.46449271947598,
    83.33726026106216
  ],
  "val_loss": [
    1.593724538044757,
    1.2987671221595212,
    1.086089232958943,
    0.9470698628799025,
    0.8981207806661905,
    0.7935322842684137,
    0.7696871922676822,
    0.6992621208170811,
    0.6840481984328075,
    0.6325491510600929,
    0.5900157574250038,
    0.5702853824000761,
    0.5345855254724802,
    0.5102228007941361,
    0.5051834979150669,
    0.4792215155370264,
    0.46695225658905076,
    0.5020273804485079,
    0.4486381954636918,
    0.42108518118599814,
    0.41694230424711504,
    0.4069291893617216,
    0.3887094119675906,
    0.384508952588202,
    0.37749413777905777,
    0.38835985285330965,
    0.3626647622111332,
    0.36273126007921724,
    0.3769691647535347,
    0.3537947429142084,
    0.34361814478614244,
    0.33317126894751226,
    0.3233410165791052,
    0.3279568741928382,
    0.3182102514498205,
    0.3076092865632241,
    0.3213130311524294,
    0.3155437173793115,
    0.3300174384052495,
    0.3071108278650117,
    0.3016209578567959,
    0.3013911264757794,
    0.3025102866701333,
    0.2978773788964174,
    0.2719804206975253,
    0.2834491101374109,
    0.2769919560706041,
    0.2688922268080424,
    0.2745145458324128,
    0.27183133327817344
  ],
  "val_acc": [
    48.17188088955899,
    56.42668676969468,
    63.28684508104033,
    68.7900490011308,
    70.97625329815304,
    74.44402563136073,
    75.87636637768564,
    76.66792310591782,
    78.64681492649831,
    78.74104787033546,
    80.64455333584621,
    81.6057293629853,
    82.34074632491519,
    84.07463249151904,
    83.05691669807764,
    84.69656992084433,
    85.35620052770449,
    83.73539389370524,
    85.78967206935545,
    86.3927629099133,
    85.69543912551828,
    86.7320015077271,
    87.27855258198267,
    87.67433094609876,
    87.5800980022616,
    87.37278552581982,
    88.27742178665662,
    88.33396155295891,
    87.97587636637769,
    88.69204673954015,
    89.48360346777233,
    89.6909159442141,
    89.67206935544667,
    89.20090463626083,
    89.5212966453072,
    89.70976253298153,
    89.93592159819073,
    89.33283075763286,
    89.70976253298153,
    90.06784771956276,
    90.67093856012062,
    89.84168865435356,
    90.35054655107426,
    90.31285337353938,
    90.85940444779494,
    90.72747832642291,
    91.01017715793441,
    91.2928759894459,
    91.04787033546928,
    91.688654353562
  ]
}