{
  "train_loss": [
    1.4501387060912483,
    0.5913417490646702,
    0.28916076639135513,
    0.171157476447668,
    0.1212876752887143,
    0.08998207272163322,
    0.07067687869957864,
    0.08006457752126003,
    0.057360093310167934,
    0.03540803969213099,
    0.06175580816727693,
    0.03122933128420421,
    0.030087185934809833,
    0.04265532703465783,
    0.023671958782956113,
    0.02456550012218089,
    0.005124473578819858,
    0.01043056323236449,
    0.003607384049708258,
    0.008184027288600708,
    0.0068783695808377785,
    0.007545595058984049,
    0.007007999464149441,
    0.004022914925903289,
    0.0074016681098467395,
    0.005315882673613866,
    0.0007044786547970518,
    0.0023416581858020165,
    0.0005368803817469148,
    0.0019983419122938857,
    0.0010960012826889691,
    0.0023178952903481756,
    0.0002497456213706353,
    0.00024536329991038913,
    0.00015891909714748031,
    0.0002833505631621622,
    0.00010287670584335776,
    5.9603331182408576e-05,
    6.0690105585026186e-05,
    0.00011061091116999986,
    0.0002959644940745701,
    3.93963997307515e-05,
    4.2802633449001614e-05,
    6.718423659715596e-05,
    7.099143815518065e-05,
    4.4422980941354515e-05,
    6.220331049814418e-05,
    3.3974940169384324e-05,
    3.2558312959156815e-05,
    2.2898407022196132e-05
  ],
  "train_acc": [
    51.80716706027313,
    80.40224869083067,
    91.36718348906459,
    95.04055857890954,
    96.53070130403532,
    97.55493377143443,
    98.01057603450046,
    97.77056165930794,
    98.40846082760036,
    98.98346852859636,
    98.39562583427457,
    99.16829243248793,
    99.16059143649245,
    98.96036554060991,
    99.40445630968271,
    99.4185748023411,
    99.88063456207003,
    99.72276414416264,
    99.92299004004518,
    99.80619160078037,
    99.82287709210391,
    99.84726357942294,
    99.84212958209261,
    99.896036554061,
    99.84212958209261,
    99.88576855940035,
    99.9871650066742,
    99.95636102269226,
    99.9871650066742,
    99.96021152069001,
    99.97818051134614,
    99.95122702536194,
    99.99229900400452,
    99.99486600266968,
    99.99486600266968,
    99.99486600266968,
    99.99871650066741,
    99.99871650066741,
    100.0,
    99.99486600266968,
    99.99614950200225,
    100.0,
    100.0,
    99.99743300133484,
    99.99743300133484,
    99.99871650066741,
    99.99871650066741,
    100.0,
    99.99871650066741,
    100.0
  ],
  "val_loss": [
    0.7432496918637569,
    0.25845703057492114,
    0.13750463889832248,
    0.12959704905586264,
    0.07419882816043094,
    0.03583307424058399,
    0.05870126638619217,
    0.17919645540581403,
    0.011100946603514837,
    0.009257066507501436,
    0.010134158584245096,
    0.03797877231593662,
    0.04694689904462048,
    0.013677768097144648,
    0.015361516776683617,
    0.0322692737273213,
    0.02431745604654569,
    0.0026916722050085817,
    0.007895490729740566,
    0.0016138324738125482,
    0.006584821542172992,
    0.0025551238278566455,
    0.007383251254258058,
    0.0038281755232813263,
    0.020986786010686407,
    0.004036387288864449,
    0.003127218172587874,
    0.0030756612785218106,
    0.0028564303813421164,
    0.0033158539152283767,
    0.002906302227712562,
    0.003077114130832822,
    0.003094769442559072,
    0.002584091207586917,
    0.002881982780052464,
    0.0038597363664012274,
    0.0030198992032138515,
    0.0028229500385704453,
    0.0026000792452994955,
    0.0030009374623152538,
    0.0027671466466985387,
    0.0025383283924816846,
    0.0028164084535938065,
    0.002720647725157752,
    0.0027272337615577543,
    0.0027809313347535373,
    0.002846788389116409,
    0.002859788212187869,
    0.002719421591900224,
    0.003295993600827724
  ],
  "val_acc": [
    75.317008059962,
    91.81169464551569,
    95.82114071564249,
    96.08296113763541,
    97.66415113712203,
    98.9270496432055,
    98.28533292263464,
    95.0254119821346,
    99.67144103906772,
    99.81005185071102,
    99.76384824682992,
    98.89111350685353,
    98.63442681862519,
    99.58930129883464,
    99.54309769495354,
    99.54309769495354,
    99.4404230196622,
    99.95893012988347,
    99.82545305200472,
    99.9691975974126,
    99.88705785717953,
    99.96406386364804,
    99.845987987063,
    99.93839519482519,
    99.66117357153858,
    99.95893012988347,
    99.96406386364804,
    99.94866266235434,
    99.9691975974126,
    99.94866266235434,
    99.97946506494173,
    99.95893012988347,
    99.9691975974126,
    99.97946506494173,
    99.97433133117717,
    99.9691975974126,
    99.9691975974126,
    99.97433133117717,
    99.97946506494173,
    99.97946506494173,
    99.97946506494173,
    99.9845987987063,
    99.9845987987063,
    99.9845987987063,
    99.97946506494173,
    99.97946506494173,
    99.97946506494173,
    99.9845987987063,
    99.9845987987063,
    99.97946506494173
  ]
}